Section1Entropy,Section2Entropy,Section3Entropy,Section4Entropy,FileEntropy,CodeDataRatio,MajorImageVersion,NumberOfSections,KERNEL32.DLL,USER32.DLL,ADVAPI32.dll,msvcrt.dll,GDI32.dll,SHELL32.dll,ole32.dll,WS2_32.dll,SHLWAPI.dll,COMCTL32.dll
6.9792913950708835,4.033036243564635,0.10191042566270775,0,6.963148958266117,17.346938775510203,0,3,0,0,0,0,0,0,0,0,0,0
6.342584164257828,4.8719450720932675,2.0960867003521217,7.9658712834617385,7.71171494699003,0.22702702702702704,0,5,0,0,1,1,1,1,1,0,1,1
6.238929635381227,5.465084161012823,4.431130939332842,6.98346736429323,7.69461234335371,0.03488372093023256,0,5,0,0,0,0,0,0,0,0,0,0
0,0,0,0,4.333245356006843,0,46080,0,0,0,0,0,0,0,0,0,0,0
0,0,0,0,7.041876685565662,0,46080,0,0,0,1,0,1,1,1,1,0,0
0,7.928941419297796,5.907914622258372,0,7.8942055098892245,8.375,0,3,1,0,1,0,1,1,1,0,0,1
5.230589032072827,2.036534352500679,1.2231973740485607,2.537087861814894,4.392828556651816,0.6666666666666666,0,4,0,0,0,0,0,0,0,0,0,0
6.478235350007362,4.587683932200452,3.9129326531410333,6.81447280309675,6.388053786137498,1.8,0,5,0,0,1,0,1,1,0,1,0,0
0,7.906674227948281,2.5545928556262174,0,7.84918507864279,15.0,0,3,1,0,1,0,0,1,0,0,1,0
0.342072853835012,0.26251809145657956,1.1264085663920302,3.3241892988761594,2.002712353519266,0,0,4,1,1,0,0,0,0,0,0,0,0
6.197284953154851,6.507519617908459,3.649224583346603,4.063729699844437,7.363917233156146,0.11627906976744186,0,5,0,0,1,1,1,1,1,1,1,0
5.916399126492267,3.4587948676502043,4.106705035735193,4.87771284220978,5.643228995779707,1.1666666666666667,0,5,1,0,1,0,0,0,0,0,0,0
6.636626104219522,4.718391283767082,3.6302333133547577,6.4103684399666525,6.364969519486717,0.053440213760855046,0,5,0,0,1,1,1,1,0,0,1,1
6.197284953154851,6.507519617908459,3.649224583346603,4.063729699844437,7.363917233156146,0.11627906976744186,0,5,0,0,1,1,1,1,1,1,1,0
0,7.918461030426948,4.1420947174328635,0,7.847692878325817,13.0,0,3,1,0,1,0,0,0,0,0,0,0
6.403453617755809,5.179614628422103,4.617894309842984,0,7.99690578466377,0.19658119658119658,6,5,0,0,1,0,1,1,1,0,0,1
0,7.687533809336414,4.544175716594889,0,7.64165578481066,16.0,0,3,1,0,1,0,0,0,0,1,1,0
6.263444594390189,4.960797340297696,7.9563057529603585,0,7.482667737703076,0.21023513139695713,1,8,0,0,1,0,1,1,0,1,0,1
6.332533929847844,4.09995108813142,1.0134749001640804,3.975512640074958,5.050784097019206,1.4,0,4,0,0,1,0,0,0,0,0,0,0
6.8406827031191755,4.085075938766217,7.997819152470945,0,7.905765541600229,0.19334719334719336,0,3,0,0,0,0,0,1,0,0,0,0
4.917312618638248,0,7.479445795131997,0,7.052072455398038,0.23333333333333334,1,3,0,0,0,0,0,0,0,0,0,0
6.620409828604933,5.140514829454398,3.373654900119606,4.7100613826930635,6.439292521672182,1.4631578947368422,0,5,0,0,1,0,0,0,0,1,1,0
6.222548028218473,4.269314649035108,4.9084718643633956,7.847817414274991,7.884649341461992,2.466666666666667,0,6,0,0,1,0,1,0,0,1,0,0
2.2284434290683452,0.0,0.0,0.0,7.410899061950319,0.060126582278481014,0,9,0,0,0,1,0,0,0,0,0,0
6.47822134468889,4.587683932200452,3.912019379462011,7.32681536427685,6.445300394198337,2.076923076923077,0,5,0,0,1,0,1,1,0,1,0,0
5.820427060931696,6.1287843575002645,0,0,6.103089990332848,0,0,2,0,0,1,0,1,0,0,1,0,0
0,7.919887896117599,7.596573795483487,0,7.835363528643018,16.0,0,4,1,0,1,0,1,1,0,1,0,0
6.238033826029613,4.79588944155666,4.6230233640032345,0,5.947377769833342,0.9523809523809523,0,3,0,0,1,0,0,1,0,1,1,0
4.918136632196921,4.014765511613915,0.0,7.996448587108059,7.988726204306235,0.006724949562878279,0,4,0,0,0,0,0,0,0,0,0,0
5.988463529291488,5.515051172018197,7.954474077942225,7.028949343603099,7.329477153148183,0.017421602787456445,0,4,0,0,0,0,0,0,0,0,0,0
7.5987115757562185,0,0,0,7.566439969041824,0,0,1,0,0,1,0,0,1,0,1,0,0
6.197284953154851,6.507519617908459,3.649224583346603,4.063729699844437,7.363917233156146,0.11627906976744186,0,5,0,0,1,1,1,1,1,1,1,0
6.239341313193548,4.33922451135053,0.9270681184354349,2.696554061165291,4.991938640306299,1.1428571428571428,0,4,0,0,0,0,0,0,0,0,0,0
0,0,0,0,7.681950017542198,0,46080,0,0,0,1,0,0,1,1,0,0,0
6.197284953154851,6.507519617908459,3.649224583346603,4.063729699844437,7.363917233156146,0.11627906976744186,0,5,0,0,1,1,1,1,1,1,1,0
6.24013177794635,7.4580109022090575,0,7.010650430743701,7.79331220980714,0,0,4,0,0,1,0,0,1,0,1,1,0
5.959950469254051,1.1803085902302062,5.30900323634858,0,7.5198452562921565,1.8157894736842106,6,7,0,0,0,0,1,0,0,0,0,0
5.882974476386508,2.035464615837295,7.34281786966635,0,6.516739289672366,1.0,0,4,0,0,1,0,0,0,0,1,0,0
0,7.8901347916069,3.8455488187001885,0,7.994395653888626,23.0,0,3,1,0,1,0,0,1,1,0,1,0
6.197284953154851,6.507519617908459,3.649224583346603,4.063729699844437,7.363917233156146,0.11627906976744186,0,5,0,0,1,1,1,1,1,1,1,0
6.0655346428179415,7.866215555243075,0,0,7.864640617404052,0,0,2,0,0,0,0,0,0,0,0,0,0
0,7.977286476840912,3.22445018034516,7.884443075408568,7.6121059866466645,2.0,0,4,0,0,0,0,0,0,0,0,0,0
6.550359300403547,5.3611372961773505,2.364675778689142,7.755007660505154,7.6248941157509025,0.11133200795228629,0,5,0,1,1,0,0,0,0,0,0,0
5.883719280268334,2.040687775549792,7.338682907699404,0,7.799181177598176,1.0,0,5,0,0,1,0,0,0,0,1,0,0
5.959950469254051,1.1803085902302062,5.30900323634858,0,7.516466904057468,1.8157894736842106,6,7,0,0,0,0,1,0,0,0,0,0
6.540530030840775,4.209731283559377,1.739490747645917,0.03705497578387006,5.497977495800507,2.0,0,4,0,0,1,0,0,0,0,1,0,0
6.3602206401100645,2.8611067631457034,4.99149962289611,7.339800039453449,6.51124924934971,1.75,0,5,0,0,1,0,0,1,0,1,1,0
0,7.951102792989163,3.616893841029384,0,7.693922610081905,8.0,0,3,1,0,1,0,0,0,0,0,0,0
6.1948052878676325,6.60668144120698,4.13147359093959,4.101140164083381,6.669062545300889,0.11627906976744186,0,4,0,0,1,1,0,0,0,1,1,0
5.54192126245416,3.78520740099172,0.08153941234324169,0,5.032471279033284,3.5,0,3,0,0,0,0,0,0,0,0,0,0
6.550359300403547,5.361098153591893,2.364675778689142,7.755007660505154,7.624908360079005,0.11133200795228629,0,5,0,1,1,0,0,0,0,0,0,0
6.625943336831195,5.1464872543989735,3.3596531204916564,4.7100613826930635,6.899433618207738,1.4526315789473685,0,6,0,0,1,0,0,0,0,1,1,0
5.820427060931696,6.1287843575002645,0,0,6.103089990332848,0,0,2,0,0,1,0,1,0,0,1,0,0
